,Eigenvector_1,Eigenvector_2,Eigenvector_3,Eigenvector_4,Eigenvector_5,Eigenvector_6,Eigenvector_7,Eigenvector_8,Eigenvector_9,Eigenvector_10,Eigenvector_11,Eigenvector_12,Eigenvector_13,Eigenvector_14,Eigenvector_15,Eigenvector_16,Eigenvector_17,Eigenvector_18,Eigenvector_19,Eigenvector_20,Eigenvector_21,Eigenvector_22,Eigenvector_23,Eigenvector_24,Eigenvector_25,Eigenvector_26,Eigenvector_27,Eigenvector_28,Eigenvector_29,Eigenvector_30,Eigenvector_31,Eigenvector_32,Eigenvector_33,Eigenvector_34,Eigenvector_35,Eigenvector_36,Eigenvector_37,Eigenvector_38,Eigenvector_39,Eigenvector_40,Eigenvector_41,Eigenvector_42,Eigenvector_43,Eigenvector_44,Eigenvector_45,Eigenvector_46,Eigenvector_47,Eigenvector_48,Eigenvector_49,Eigenvector_50,Eigenvector_51,Eigenvector_52,Eigenvector_53,Eigenvector_54,Eigenvector_55,Eigenvector_56,Eigenvector_57,Eigenvector_58,Eigenvector_59,Eigenvector_60,Eigenvector_61,Eigenvector_62,Eigenvector_63,Eigenvector_64
0,0.2511057452022837,0.21284036601303225,0.1793795925017151,0.12757960385630795,0.11105868713736801,0.11481211249328296,0.13761228300840855,0.06585064049315434,0.06326431590959905,0.06867171933924332,0.07469507788908833,0.014140330398929995,0.015544439357743215,0.012355608027615487,-0.0016126316496605409,-0.05399449988051301,-0.04082265711721604,-0.033141812788799914,-0.032777688677049166,-0.08319534806847102,-0.07901724012308113,-0.08871089809581831,-0.10017541281022166,-0.12273037837863979,-0.1537362527966935,-0.13288711512777576,-0.185639200278465,-0.2067472012221887,-0.20099280324093446,-0.15105012409455812,-0.0921300794425536,-0.03276442596836802,0.2465959955426078,0.2340014461447462,0.19445226290457723,0.17024488064957152,0.17992667473765123,0.12731142656719405,0.12465684778850342,0.10853918332588165,0.10796071716985822,0.1126529948648627,0.036647161324592406,0.03931579257811577,0.05268638051109243,0.07291237490839528,0.07915329775343412,0.017529452228285915,0.0127441971975615,0.005295714418468364,-0.01722661281962954,-0.03210950742612735,-0.09596091038146816,-0.07350323579549538,-0.05248112973897171,-0.03784431687771603,-0.08680086917530294,-0.10246542946635798,-0.16607071777178462,-0.1675635941161586,-0.17061372101587516,-0.20113788323408513,-0.1648013778473868,-0.21083224681580578
1,-0.010374376521090226,-0.08633919968689198,-0.0406047425104165,-0.06706989544805309,-0.10428374889274694,-0.12976130909072087,-0.15286973786435804,-0.1700657019388261,-0.15469017200282958,-0.1262530537543682,-0.0770592773759532,-0.10304646158096827,-0.138243351214205,-0.15597938925844135,-0.1651982878420072,-0.15508987025560697,-0.15055319098567296,-0.13478485143614896,-0.10486140128976681,-0.10158078144236864,-0.13062885371588256,-0.13861353269374874,-0.13958645168044276,-0.11091530397471698,-0.12711934383851536,-0.11050894035058866,-0.09005920585876027,-0.0009075235078908703,-0.009492562605378677,-0.048603345509218146,-0.05448905722624427,-0.059725382548610324,0.0551685330695149,0.12558280564359142,0.21192438119691187,0.09607285679245592,0.011487250945110465,-0.020921952785910317,0.04391700659475237,0.11142395925144369,0.18639315063548678,0.23838913139521187,0.21332715200992744,0.166268032511167,0.10926785277519205,0.03970034244871592,-0.054551768427276146,-0.06126194347608322,0.022696155258611364,0.10237273172945918,0.1644114259409744,0.20264844602419194,0.20078451807715578,0.1548766888470525,0.07685672775459522,0.0074971314282448135,-0.006135666889413957,0.07404550782194608,0.1982365867104168,0.20439915854132445,0.2059078626884674,0.1412122332138425,0.0550487149774306,0.07231329119693097
2,-0.23799851516191628,-0.2502197830323906,-0.09970889289426743,0.05247809154843307,-0.020589031251597667,-0.09827154284814232,-0.19211918366189773,-0.09627467631007489,-0.03443740505808586,0.0383290833647664,0.1672389538908549,0.15107348377347035,0.07680871295543493,0.006354403892440724,-0.054492205283363244,-0.04721399008594797,0.007198199429450794,0.084153620502376,0.13390385654442444,0.07293154657741464,0.054638435875624856,-0.013399203214263291,-0.06669801481407164,-0.09061486411082317,-0.10378782589494828,-0.03417735604774635,-0.16965471630225462,-0.1899383441696825,-0.22506035090890686,-0.038896490282874806,0.12411557479644104,0.1885714820441681,-0.19657015304464992,-0.14968697701596279,-0.1613244822891674,-0.030225119464417635,-0.05249897994853235,0.10284833512587258,0.10355722089598458,0.07976681081394596,-0.00488230161019972,-0.07121512228047956,0.027964211435718405,0.07259758034841635,0.11665714203832953,0.17891744088745168,0.1919858055536202,0.21694483871748949,0.20091089087934158,0.14170961709779897,0.1021049656953963,0.0784239085231055,0.0589471761689645,0.07855768985021198,0.13183004059563547,0.18109329892190593,0.12593909510989168,0.07084268033664606,-0.0738373240791443,-0.07510784941164861,-0.0914377841537272,-0.17441998277671683,-0.04604514374799807,-0.22859058303512603
3,0.17350756034225573,0.06890538695825271,0.07304769479266482,0.037160347528623856,-0.025550573201061445,-0.08563797562253334,-0.11139688244750878,-0.20221746207838726,-0.13836499405051672,-0.05338267226718193,0.03550679753121152,0.04222986645848555,-0.05333901951990242,-0.13321791257228874,-0.23403510762285362,-0.20635796263232814,-0.11157466274563063,-0.0031711389991171835,0.08349237990625813,0.13865309213082305,0.05103013661299015,-0.052704289469719424,-0.13928130197834385,-0.24417948951503107,-0.0739289489951273,0.10602998268181205,0.04037748915639099,-0.0867597833130714,0.12956049892933172,0.2230651775343452,0.20511779301197655,0.12995470423615946,0.17149875853561775,0.15347124069855736,0.0461191417620746,0.06473904866374873,0.09106691588493507,0.05582655059515787,0.043120370451369544,-0.013542477179824444,-0.0848607720697466,-0.13152975443634632,-0.22837197265678155,-0.13507032736717345,-0.05092664060696227,0.030220474381934283,0.055820582818868245,0.08147412054156469,0.049811100336426405,-0.0421397268297824,-0.1359568878683427,-0.24506683100272342,-0.14278720692799593,-0.08198422121568259,0.03172941560247074,0.11073855660199391,0.18006947090348036,0.1148911330494279,-0.04272434625520085,-0.04998966418634677,-0.06426925054102799,0.12802734707292288,0.24069379758958293,0.21736332287282317
4,-0.04924160254110737,-0.14795993978638758,-0.07249111117813668,-0.06693560466672724,-0.12339956687880249,-0.16353915399612973,-0.22013747035532333,-0.16517894183772558,-0.1371407842293223,-0.11022457266924468,-0.0528181214843234,-0.028239351519224597,-0.05669282190133565,-0.07182462268856316,-0.05356755149388083,0.053884860092081384,0.026435774466814905,0.008207155368034272,0.010578533270565144,0.0637231330781121,0.06861281685609025,0.10088935475845624,0.16515122358217588,0.18079671395343003,0.22112368430005655,0.14003031670301105,0.23938527483573543,0.20519461216656268,0.13556945739733628,0.0854512389511751,0.036053665471301156,0.010330090535896584,0.03684985756629072,0.12477308159372348,0.20874553923144504,0.09626553976554028,0.005870322466849405,-0.020397904982069687,0.04765644949253279,0.10273890456479488,0.17464371415341437,0.22826973169430223,0.1310942881647167,0.09864018577476848,0.07034740285009294,0.03369614556324261,-0.036126211210391966,-0.013678066581154918,0.008099766634160984,0.022146093022275517,0.012586909029998525,0.00298771249742335,-0.15322796905543354,-0.08257541940386096,-0.03840713008811766,-0.013229239038374693,-0.007183784350037707,-0.08635064300739205,-0.27868553758001136,-0.2820488427080867,-0.2754985996670074,-0.1957416907813918,-0.1005302224935464,-0.053757071679292306
5,0.10040751383589117,0.13600911758153372,-0.07790987890578582,-0.2619426512426193,-0.11893797493289493,0.01895961865534329,0.1406490905506581,0.09895832597891702,0.039037697091756196,-0.06482978191615563,-0.2036606025817032,0.00773898009682923,0.028260485456071124,0.05911899517530876,0.07491015995604972,0.03995613227187452,0.06164112660925376,0.08332367066394648,0.11414545269505977,0.16641436762888723,0.11023757655880304,0.04680613701862138,-0.013067703164475444,-0.11132020147103976,-0.07604673424439802,0.0670133338984481,-0.08468120269518001,-0.3132624534392297,-0.1315842278308409,0.11768790590726413,0.2299270395227826,0.11096680039768271,0.07263232110536953,0.08285106295013436,0.15620354605267303,-0.08969970461763274,-0.14910299810889432,-0.3035309156893663,-0.2540642061462206,-0.13011811044475147,0.033619471650150515,0.13696100458307714,0.10983554509618913,0.046357084424245416,-0.047030576891260854,-0.19062870246586094,-0.24920284567803205,-0.03274669017740701,-0.01814029798308039,0.027046215762649026,0.08383475589829004,0.10566148756711638,0.04510640029466669,0.07488969735569105,0.08433027039726589,0.09383538436614132,0.1606083969541407,0.10093871463067419,-0.04382395464572177,-0.05349002352979521,-0.07712619693030034,-0.12793874267674965,0.07979722599164618,-0.12279073422171646
6,-0.12094343715044396,0.030578600210797762,-0.049952809773089926,0.013979652574344914,0.07491604946394681,0.1252181927587948,0.1758591239291817,0.1727462692035141,0.11903979738469189,0.07431655574225027,0.027589072749654914,0.0034462048435407386,0.014200856012739304,0.04826512646099778,0.0634347943816,-0.09347018872276007,-0.07216361017554132,-0.06986342991748364,-0.049946660915309755,-0.07298475050352106,-0.11760273521503577,-0.151804577414733,-0.23123974206416234,-0.149204705700736,-0.26734860764426704,-0.13484152075688127,-0.07012662478911984,0.2812533950594536,0.2732255419223443,0.125239415554935,0.12413807000677939,-0.02005051449488986,-0.15336847969941889,-0.15781548213626695,-0.0641759156268495,-0.06421317001675751,-0.08607568716057484,-0.022932892929749975,-0.03108968841686445,0.0194482389386298,0.07543309347682675,0.09863326461380591,0.17941121127528276,0.103958539185847,0.05585193874479176,0.005165175028877882,0.010636489094997419,0.002357137776553832,0.013761166036702556,0.0438494198562112,0.0744646669418212,0.09658156720305734,-0.07326962056250758,0.005775638229569666,0.02109574760056381,-0.0073055526726619755,0.04235829966924172,0.01486748140708809,-0.2566580984432959,-0.2536288792159932,-0.24253722826527052,0.03146303926340866,0.1393853150437521,0.3026704627375984
7,0.11250385718722479,0.09594077568581012,-0.025235329659801096,-0.10413318234721133,-0.009020390004597867,-0.024734406591030766,-0.045200142606907925,-0.0944718725050583,-0.04432625449804181,0.016315036347151646,0.031236235296183745,0.20933292254329683,0.058380274600798754,-0.006611895526544342,-0.050269957088333206,-0.017331515411091396,-0.0038614031347964373,0.05820429168298083,0.17936659189304727,0.015448783822895235,-0.07676455420959248,-0.07419297264312785,-0.026548312926476143,0.14407463551407712,-0.1562137235120255,-0.20264620545881218,-0.17704824321019383,0.573718550669035,0.036840771888954675,-0.1620718003478683,-0.03575284361560791,0.20418544028668184,0.08136376686523501,0.1282863902315022,0.14724805855414194,-0.08234346548964895,-0.08341739136631512,-0.14772090491224366,-0.18563428487015124,-0.1543456826233016,-0.06901521224059597,-0.00021087870094364108,-0.0840810880768325,-0.04650063471705478,-0.049621650851345525,-0.07039740816747315,0.020083998047622804,0.2152736931445066,0.11282125817953291,0.02887913231501416,-0.003601053467415089,-0.09207138536684074,-0.053704234510400614,-0.010970083380115129,0.04320684617523266,0.13376971430366613,0.008177727187649145,-0.04212730425426695,0.059304730976405096,0.06268662769477619,0.11886659122832935,-0.07904973430459872,-0.21891237873389421,-0.08535692099120559
8,-0.10180950136296223,-0.22432983200656437,-0.11221992835238626,-0.09859423679657275,-0.1449318345040124,-0.08359217144457226,-0.11388784181850031,0.11816890317169507,0.04862627677191786,-0.02199702996358177,0.0008469702031209669,-0.012856861446017607,0.06076194796971768,0.12707809214126453,0.24342003229011505,0.2343880601770922,0.13383074986736979,0.06012995351472686,-0.021480885639222302,-0.05931583482659659,-0.018296299679144805,0.0416958915954985,0.10575208948771836,0.1087318828286187,-0.14683202690701655,-0.15839507628914903,-0.32998356401725215,-0.083905566617083,-0.16014233349956258,-0.04967406175188291,-0.04019974267966335,0.011659076455763393,-0.008658923285278423,0.10893809942269182,0.18918725943931927,0.07465511109355233,-0.0422903405435724,-0.02719054753584329,0.0721458778464566,0.11607021107328283,0.10998910730136492,0.12500015649612412,-0.07219934459901542,-0.02782454318636011,0.03140319142784747,0.07147591684754258,-0.014686854685764476,0.011155102108033159,0.03115285321987571,-0.03390420394627856,-0.1696768459750668,-0.2491167068931528,-0.20607702649272086,-0.18117687912467584,-0.03427324221398697,0.026934069098600147,0.04277898321303818,0.04268459766275628,0.00421657456320572,-0.011467429624346423,-0.014589608283005776,0.35349473571020884,0.1798051084274247,0.18940024456486218
9,0.05044314328009287,0.039039517303229646,0.050092642811482076,-0.006800603665243418,-0.04440802820024066,-0.012281754439007711,0.1136136283236865,0.07595916410210918,-0.00959573264044964,-0.11682782233502073,-0.14770505373120507,-0.20973628757546978,-0.13243068139035158,-0.08358360121391895,0.038211600165432624,0.06153763785609312,-0.06766216397676833,-0.1357144432627983,-0.14619828574045565,-0.08186436354157525,-0.16604869360352267,-0.06741253347099217,0.051224325339869765,0.3864009430475169,0.006692889691105479,-0.12078265115073485,-0.13232207953187838,0.18052364226604825,-0.11505955003158608,0.05307057835304794,0.5282245515009819,-0.02187515977475493,0.021807438469503403,-0.051143462696297624,-0.10687405296477616,0.09024005518668922,0.09976378809388904,0.07144114537474261,0.14893101611106951,0.10510003897440126,-0.02601499317815685,-0.14965314199268734,-0.11997228901947303,-0.03790157143342286,0.028941530402399388,0.0797463572096095,-0.08649122783696307,-0.12128941558453891,0.005321522915993848,0.023268877048027718,0.004193217018087586,-0.04288581023451392,0.0037060652478952106,0.038546848838207755,0.046441691614865215,0.06684068651218796,0.17860559814131682,0.10260776980814817,0.03258478373716105,0.024951923293018218,0.005915779446083114,-0.1865676904002879,0.10234741311730275,-0.1692346659841979
10,-0.14974288016500464,-0.17742064459530515,0.04709462909863903,0.09788825457183817,0.12979966367256662,0.049187331061896045,-0.02871959731218013,-0.001336182668884467,0.043467975893740844,0.0888030080733273,0.05767998856467316,0.041858270762759275,0.060808614225028326,0.05912784873551932,-0.018421828711585746,-0.06909597683352559,-0.010301482513406346,0.060290941058268176,0.07022213548633109,0.10915214278762048,0.09085619292438359,-0.02450981223412623,-0.12097290930522549,-0.11778337026809124,-0.09898775035551516,0.0630292452265036,-0.01807518651804506,0.0016219313066978094,0.079421705339209,0.10334100204674891,0.4927448950699682,-0.05471116611396295,-0.12313803671766814,-0.015374671557059155,0.13804116846176298,0.014511446895395129,-0.01582204044545039,0.02762478974116865,-0.005721681863472885,0.022376810705866973,0.106945198903693,0.24142861540041324,0.11238650619942699,-0.00858379123889887,-0.04956107266963032,-0.046356448129447524,0.0315852327473045,-0.05371629704324092,-0.13782507215355735,-0.12458351312040027,-0.18580466281148,-0.12098929155893659,-0.056483637972884776,-0.16829955086150777,-0.2201373924511638,-0.15942968494541077,-0.039472381262096574,-0.2121441569279377,0.15788650470849702,0.16862338430139165,0.2745590363522462,-0.12639552240305366,-0.19042336622926928,-0.09202341036543127
11,-0.007355854255732498,0.17325535333020614,-0.10375325604793093,-0.31680589772604745,-0.1995314889972655,0.004285214798290958,0.3266343688625013,0.14292432836918076,0.034204309440822804,-0.04324734888443121,0.05231358844412038,0.03614539591801926,-0.005717246276268899,-0.015142578130011254,-0.07636183547291192,-0.15711418944361408,-0.10508335491973583,-0.03023161886559314,-0.017193936322423276,-0.10040375432182191,-0.10073943566435317,-0.04652269808686485,-0.10741729968667474,-0.027335382378938837,0.20466183736562069,0.05802965561631619,0.297441164332964,-0.10768865189457907,0.01607816893517629,-0.15502141301455044,0.059057302550712044,0.04013211200372351,-0.08927916590167953,-0.065789309988339,-0.035709918285176195,-0.005311629930923881,-0.20405630549632484,-0.1288502361423343,0.07880452607905637,0.2127309932672853,0.11662462112928623,0.03615626454094503,-0.045494379924963295,0.05580116926905326,0.13526365162138443,0.22272044463558602,0.03264695844531537,0.15280447211166284,0.19138823902897173,0.08515346977418174,-0.08390124480734282,-0.22495165509758788,-0.14231880657090437,-0.10727670597561044,-0.01168132116592586,0.08680926967215254,-0.043532271880809395,-0.07474116156685098,0.05549086658438097,0.06428123610706403,0.09105562835440387,0.10673747370390281,-0.13869081173532705,-0.04537991943246295
12,0.04227465345627925,0.047650410034583125,0.06887847758730586,-0.19996786629101637,-0.11597748569956698,-0.011786550972423177,-0.02238928633940862,0.03675588574828695,-0.009834688560604089,-0.08097651862272875,-0.2690225333560184,-0.07626665620130366,0.02412525789586842,0.08075297279491657,0.07731341507368539,0.0399376229625188,0.07235446252021616,0.12695690826291156,0.09163950388157782,0.1946083066608718,0.25861357812747404,0.0009837491806025944,-0.09998441853139467,-0.15616056137222403,-0.23176440315817312,0.019102636120912307,-0.13050415737092944,0.15045558485086002,0.18349707756375244,0.2050236363438941,-0.31526310027898563,-0.004627040954688078,-0.014054517941077867,-0.10375664010515227,-0.17912784780724422,0.1619564370994514,0.06372853080939561,-0.007378039781738037,0.22182332964673313,0.2679234837901472,0.057502021046003264,-0.10592751961432145,-0.06853807586310146,0.007448997682945433,0.08293411748796739,0.154624269606836,-0.16033939883739973,-0.12254702663425278,0.004375132890070562,0.03280780689418827,-0.03173333345122796,-0.05585643640277104,-0.007483644500136133,-0.02759811080130028,-0.01696608723503654,0.02566781763745338,-0.014095295511955964,-0.047703693412634265,0.09058202614374074,0.09038269982887036,0.08227079214884256,-0.27238190829554637,-0.07501376463205417,-0.029924993242741817
13,0.03134691945040342,0.11843553546728203,0.10637756997396075,0.05259655935405117,0.12682734713916582,0.06985168184016873,0.02757877333781388,-0.06672893055252666,-0.028228773468812886,0.02020403268740936,-0.12204235877838046,-0.01989722314574695,-0.01321536342026021,-0.051770055836525414,-0.14857071028836927,-0.1382267607712056,-0.07867790664534714,0.049454399421699366,0.06985376346556241,0.13643917624497276,0.31103864089523475,0.012107944075157029,-0.051114765616268154,-0.006018105589189027,0.024995740288586477,0.17269132897453507,-0.04198924293538887,0.31364124535632343,-0.4798070391420929,-0.13747930369323286,-0.00473342978275426,-0.0314821097049026,-0.057450970021806075,-0.27105264297407394,-0.05937596978622256,0.03808226614918435,0.01901674749941435,-0.007157058598494013,0.004007194864305612,0.06054680210308026,0.07422102120894428,0.09153617503558803,0.11907579375704054,0.05827372534234975,0.019085759356956916,-0.03812340564823092,-0.09926754227912638,-0.10283806990361999,-0.05532385151554922,0.004515731559619508,-0.006312053473397206,-0.049534359754364286,-0.11380693882260194,-0.02178808254121469,-0.019783021117380017,-0.01119813016053439,0.007003704480369374,0.05898923408581797,-0.07228768113915483,-0.0737278841611348,-0.04582931562968149,0.406723578723032,0.07818747001209192,-0.15786680525254188
14,0.13059743382096511,0.04416110910384313,-0.044069560230063885,-0.12495101047369284,-0.13260766111446592,-0.1005745105611254,-0.09637368422843162,-0.06280828397601979,-0.0408981818707866,-0.046764784246157924,-0.05388029123525728,0.0422030432873545,0.02277474507814875,0.03943914364295803,0.07227555500454685,0.14417934686122813,0.08559688582887026,0.039442554395821616,0.024658137223105392,-0.04396786378723916,0.10083415541553215,0.07297189477243866,0.14741215095553248,-0.2724715547807557,-0.0690537716226037,-0.07879274928423376,-0.006628592891720634,0.018669445285876905,0.06731760633858908,-0.25360147522283316,0.4135837948549409,-0.038902223257829445,0.19526961763457348,0.04398526326760858,-0.27087693151813047,0.03735334918236172,0.10604276417822753,0.004240206694108757,0.06698550037064173,0.027137923314155318,-0.047579412490929285,-0.16457584141664694,0.020699191583408643,0.03424893879290012,0.027957688048189884,0.0276330046184963,-0.03967883962467959,0.009427509991764171,-0.007422149356883123,0.03186550525929597,0.0766431462118337,0.18341175054505449,0.0951142557960685,0.05402836528102853,-0.04279588202670819,-0.07233748794504576,-0.14456085219141304,-0.16714802483456984,-0.09373213903750223,-0.07590924403114332,-0.043463095015687285,0.29755069629787445,-0.32648700114416485,0.15720142047933863
15,0.29705715341120514,0.40342571784735726,0.06896172137403411,0.02917959932377289,-0.09346976804114147,-0.07062973041117482,-0.1691022331046515,-0.12534107506374492,-0.1096058536683836,-0.053232924231752854,0.16443741114686858,0.014578228774664304,-0.04797567346475716,-0.0930572746381495,-0.015171210969379179,0.13564489153219583,0.05555602040610702,-0.024761257760999487,-0.027434172813903313,-0.03076499764552096,0.015598203713252184,0.02317259999063176,0.23513622957640476,0.060085288474725204,-0.0910365603356205,-0.10596080937368413,-0.1097238678271528,-0.1484490959405979,0.09017906604240326,0.06898389473070766,0.03394969004555902,-0.02265051326249472,-0.15183450287827102,-0.5846885001474631,0.17071771603419744,0.020039775227472165,-0.11000617252031693,0.00010734231837028501,-0.03301043158846798,0.004635845399993864,0.018963612333391115,0.11307883113907484,0.06499346254040703,0.0259909599707665,-0.0033761772032406333,0.028325011175687042,0.1302987498212931,0.06075087457033699,0.02911977747376763,-0.014316784179046275,-0.08135974615479086,0.030524350864523188,-0.01732707437559091,-0.039151374054035466,-0.043242155310258074,-0.018916142078847432,-0.018609663833602557,-0.0602573353841656,0.010107729917936587,0.011390563900257408,0.04734394959611497,-0.07169506921515915,0.03616128192146359,0.08766259688138818
16,-0.018945090888159134,0.14086732017929263,-0.33560703873457365,-0.006483681831227796,-0.23680225954921505,0.05242076412276847,0.07522307008362586,0.09306438824283657,-0.04139157884024967,-0.02265120817221911,0.31512740476958545,0.026856984738691272,-0.09867446900577614,-0.11713950880791703,-0.04399714273804101,-0.05330485449338791,-0.06571230661586311,-0.18362106428737596,-0.1051761696673455,-9.191285985098163e-05,0.5012692055875112,-0.06855947170784032,0.0036953797860774934,0.21640108439802358,-0.05467440777794581,0.01233302852397744,-0.17574742253258674,0.009328769262621495,-0.01831889620138155,0.12573193282930512,-0.0349849560194849,-0.012753350329866325,0.14558467933126507,0.22652102077093708,-0.2700170016346443,-0.08671500415985303,-0.030746608928349392,0.06526672036741672,-0.0051974725198001065,-0.06370255029578298,0.0811974887940456,0.022318123935985448,0.1277456079280907,0.04725649292583525,0.004108811400136491,-0.046178529190525654,0.1334734090681211,0.0807770978185844,-0.062068617841444074,-0.06907674190540596,-0.05422883367654958,0.047350708129591065,-0.01959592068519808,-0.03173930281397704,-0.05885593146392682,-0.11901300174184784,-0.01870100024831858,-0.02557544792067772,0.020895452938941968,0.012180777405442518,0.06017572628263183,-0.06176341222594588,0.06012449301415354,0.010516225677009147
17,-0.06312971897700134,0.07791062186106117,0.031088329284347047,-0.020820380247840133,0.21361212641957544,0.10721349314423431,0.04625931065996049,-0.11206806983709185,-0.060533700455503575,0.05777914822613326,-0.14174119240961797,0.08263361594887036,-0.025878170094065824,-0.12215861706420464,-0.22306582883647627,-0.012249147746267702,0.014250823793834536,0.01866207538288847,0.08918728672381859,0.10100977055039792,-0.37757422923760053,0.07839344198860018,0.430540888055828,0.058871158651181504,-0.13028937223511755,0.043295139558118645,-0.13135109140440468,-0.10935736906551927,0.010553565062584494,0.10556737727134236,-0.06677257727221242,0.06894593333772903,0.007604279262418967,0.16481250741805734,-0.44392619726701854,-0.07717587848452154,-0.01261521609046947,-0.04202078645559286,-0.04022622142096601,0.05925635043640727,0.13458919981096085,0.07774690091671936,0.2104088293647427,0.13091786157338273,0.06623869272914447,-0.01368373505444578,-0.05835023702166324,0.01913520838170877,0.010237605872486049,0.021995447137660936,-0.07336338599811837,-0.07481174703200114,-0.12818885889900972,-0.08490928622581767,-0.05035813979847538,0.0131842275962645,0.019946958804661043,-0.05863848071868143,-0.01833234240035761,-0.01396229666297506,0.12561026319220026,0.014732663516083717,0.028161867185214143,0.04719930529443271
18,-0.19394590317269592,-0.028534628263745344,0.17047887761617192,-0.01052037662198447,0.1966338586856265,0.05712690747226306,0.2894686418871809,-0.09206703166229291,-0.0419761012499416,-0.02492230141500243,-0.08337613550413077,-0.06810778775955625,-0.06354314239247397,-0.10050576131137103,-0.17311365761059772,-0.03341791417519016,-0.07579344933273438,-0.027743110879057453,-0.03580428907652469,-0.06504098275316361,0.4388842195761782,0.01433793517284998,0.38930110143129726,-0.03509998810575116,-0.07438569814868684,-0.23308217176843582,-0.060375581772503184,-0.07784157017178167,0.1318939501965747,-0.0979637532394984,0.03262348082397784,-0.049511664894586055,-0.2912792861495976,0.17650247881029668,0.26432680556610283,-0.07380994739144556,-0.07401795780228708,-0.009981050511401988,0.004723184643373895,0.03791597263884795,-0.10023022679665675,-0.07758911449552243,-0.12089793757462018,-0.021044973760085465,0.026208604938036794,0.0851641313826963,-0.012455084081199896,-0.04605721261464167,0.055636128835741684,0.06186237735586772,0.07444305194419046,-0.04447062068925365,0.014445077477378727,0.04773104851626881,0.07740571741744909,0.06418214569556316,-0.02611244254651585,-0.006085006856510544,-0.02341424775817502,-0.02454967338583117,-0.02910324228619865,-0.003704296832132429,-0.06614405863204327,0.08632368336192335
19,0.12289373542078233,-0.20173469114918435,0.06403900941729135,0.00850454592101626,0.159697909247706,0.11986109563137583,-0.16253825546576797,0.043410424724482755,0.04107315904783926,0.04020894914498273,-0.2134285143853384,0.05166818414296972,0.04829859605061229,0.020256338984282043,-0.07067732386932343,-0.17539199098329886,-0.10109676194787696,0.061216901952605436,0.08037413207025033,-0.0647775639900051,0.22387828249173392,-0.12915033740855517,-0.1811295436640822,0.4016628902476227,0.17943974038566143,-0.29785132717788687,-0.024812097747816453,-0.2957312008888848,0.22229335758841873,-0.09321177462828911,-0.007700419738677217,0.11312773873881901,0.16409326061644675,-0.2002341993434695,-0.14524977274121237,0.1191165916806711,0.09145409919106096,-0.06699191989030545,-0.07715951695114959,-0.015396288703933524,0.06507808477831595,0.03726518689793874,0.0875807255696799,0.02172138344389974,0.003359882769544152,-0.09880049706907981,-0.1075574063429713,0.060661333203001086,0.04219167720890684,0.04077815942415584,0.03796939581811333,-0.04899436200563925,-0.0763207167452724,-0.04325779957720091,0.00567494053895112,0.06720041441900246,0.016460150430316057,-0.02604606907265978,0.01412148409942706,0.0013046761932333228,-0.03403899260508774,0.05542260539823486,-0.11140328834473759,0.13732358954837878
20,0.08244476876063972,-0.15882886521798983,0.01256341365277454,-0.05360855650122416,0.06529784237536047,0.03376013434110258,-0.12841984566377754,0.0447435520118438,0.04132602640441844,0.058410755358195884,0.11236503540872508,-0.0315616881409686,0.010855707438221132,0.06701062822161316,0.03982736363791982,0.015213237482056746,0.018840482395292804,-0.0632786167580833,-0.13738521212946406,-0.20379329979674185,0.1474103540522785,0.0508933167997859,0.23777820813779454,-0.37457078148743767,-0.011755659782777955,-0.24515272798415932,0.2651665104033975,0.13959604240775192,-0.033291077517689296,-0.155891051910936,0.03021198938478692,-0.08676010572124655,0.2267463560571364,-0.10748351216518198,-0.18414745064995766,-0.005480747221437307,0.032168998157118635,-0.047842331296558765,-0.11086405107975797,-0.029810036333373813,0.10261967693562654,0.14534835947029,0.06162208048109487,0.030410627253322317,-0.00174765110417896,-0.05833404810536283,-0.010865833785818704,-0.015464035966129969,0.035844780184000245,0.02027780960521887,0.0411837794373119,-0.261111675084323,-0.13256338806649504,4.011554532307171e-08,0.08138516032826842,0.061154408407621756,0.06038113356019843,0.19342982641967288,0.09333939347874085,0.07521987559904222,0.03081870934437063,-0.25597935947558914,0.24516463886533912,-0.10483941342721759
21,0.2692340232171042,0.09621804868667422,0.12846533790538034,-0.22165979552770693,0.15389369093393443,0.16068494257097063,-0.42971740726425517,-0.02697712509224634,0.06364052985328765,0.14540479118931132,0.09276725528870886,-0.07559375476638766,0.07294310968307335,0.1080621667027136,0.00771356067539776,-0.06926363391602958,-0.04853668312721904,0.08325351439443505,-0.08558049002254309,-0.09180232694195672,0.042757372867732,-0.037490259176931384,-0.08211263221173432,0.08534848130762882,0.08793089807176568,0.15432450696360672,-0.09341125999212517,0.028171640752698818,-0.10117597347022618,-0.05093950815897058,0.09378181288980188,-0.16931062135007266,-0.2761682657603597,0.29191079374854445,-0.09639966007077817,-0.19627583488007416,-0.17697895565665692,-0.11719317180619668,-0.05402782261260687,0.1444051034470811,0.014278190461103457,-0.019731969184839764,-0.061067296047385936,0.0294927912640675,0.025839858934617467,0.1406482602190299,0.021465747498795932,-0.08869539776248726,0.03678362356185365,0.044326990593814765,-0.018970116016430675,0.01915306787886683,0.0464145969979413,0.048070882033838275,-0.06026185131422295,-0.0003500441485109161,-0.06407749757760024,0.0052550108192316244,0.09815396853907891,0.05956372469170334,-0.19082095614575703,-0.11880486491492254,0.05788945301426429,0.16514742725915013
22,0.06816086768493552,-0.3902200762009047,0.018895809935073508,-0.3082139779815435,-0.07589390189345681,0.22523377648952111,0.11072626212166255,0.08761703339730897,0.10851957236666115,0.10871905625416178,0.1511795098064765,0.0165761626098829,0.03161740492242071,0.00023048114935433905,-0.21829074193296152,-0.196079055325171,-0.09921883448875586,-0.002378086949927735,-0.05224589191825894,-0.016922394797852222,-0.07249918859779098,0.0166366774557596,0.28261043843073175,0.011443233410899423,-0.050319524884677905,0.28080726689454544,-0.20524315589535352,0.06918673087223273,-0.04995085280738784,0.07639782760906766,-0.013274026771636915,-0.047974016458398105,0.3016127722471883,-0.2577116903755758,0.1825137387017529,0.13261995646194188,-0.013003758862083714,-0.04880178063878085,0.009149933435964958,-0.0008907709811977194,-0.09120638089264277,-0.10549207365453711,-0.02654232760304942,-0.021756106616684673,-0.023175659800410933,0.03748462842091166,0.04184668687282312,0.022337392158995606,0.017087123419540273,-0.014128130513638912,-0.04041326382973871,0.1200168081156163,0.10502313859116215,0.005802427061179608,-0.044658988063566704,-0.0342410294468875,-0.02726159476555247,-0.04833311561714464,0.04430087854538034,0.022979659308698292,-0.11838339558198198,-0.051518732155768465,-0.039478395463572236,0.09838766701508322
23,-0.38912241459617747,0.30762104471423607,-0.19062771144260604,-0.08860335392672908,-0.08436018982093121,0.284824401194926,-0.11586262509487566,-0.15883609520709946,0.03847850211134018,0.11481641621728846,-0.04687407734027055,0.20349477829812504,0.07780852560263295,0.03982966813530048,-0.12938387177899707,-0.06427247273417058,0.04124290937924055,0.06542149163135227,0.1585369344087255,0.03656713339380113,-0.06344630747844562,0.03321258750193726,0.02268035246470207,-0.012871352712541202,0.14889411281448348,-0.30798623889504506,0.06419235992581807,0.018322872004016416,-0.08847129488935943,-0.07888418649104546,0.057099995161083356,-0.02574299629679218,0.08567149822351267,-0.014458588284703498,0.0870719522253727,0.20350259393869688,-0.0063801474312117565,-0.022485174427473567,0.12237431464504475,0.12923016642969615,0.06161134112799953,-0.04113909335637029,-0.12746942842700174,-0.08313766965469055,0.010256742015462117,-0.05148025820227946,-0.06258494733658924,-0.004513514052327597,-0.15359994158031964,-0.07157251222447997,-0.14022681077350596,0.08285723823862724,0.12913481494072682,0.11568231761614277,-0.06792953421828427,-0.16859743987035186,-0.03508907012941622,0.058493434060208634,0.04821100106320128,0.009641526579727736,-0.12149312449583302,-0.10864122722169763,0.18950377605317514,0.07985686827498584
24,-0.2886087720924736,0.18851609733107216,-0.16568722893843182,-0.07434517723898115,0.2860845576582574,0.24934602404894093,-0.187061890047939,-0.0683348660668405,-0.019589463029082283,0.05676422139941604,-0.13037803643819837,-0.06139689354383221,-0.08482157608512268,-0.1554648440657545,0.12434496954940144,0.2152296582144187,0.05380400806467103,-0.25737057876845637,-0.1327834066565662,-0.13937779777127915,0.06322977787150644,0.03576675631768786,-0.11788395736999426,-0.034643518791773686,-0.06181236824598676,0.3972930906293921,-0.09263062289020085,-0.047565702170175556,0.032656019789792295,-0.10035371319775885,0.03613674257883817,0.09460225935489908,0.15619742096734457,-0.10086599477958515,0.10755685077522875,0.06385696205319014,0.04101921866434166,-0.012827700878172425,-0.008241468193095167,-0.052573557384315586,0.011014664712889241,-0.03298864374542401,-0.10559403089991842,0.04511211211993772,0.05975349944027769,-0.0317024474836285,-0.018924349749136114,0.1011435101426432,0.0868598922384175,0.04188593010010673,0.18499550488523958,-0.14473014211572371,-0.10147209799494412,-0.06889237315705753,0.142642585521501,0.04526612340102357,-0.029926489648431538,-0.012974580019391634,0.013789574823855982,0.0009497438897426019,0.09191636695125881,-0.07227492298498683,-0.11892543355602385,0.10529050250337928
25,0.15001706645639332,-0.1234145698008428,-0.14159804949142663,0.1705932528734779,0.15505732891088264,-0.2954958668392316,0.3012612652952352,-0.12267788765299714,-0.08590901409497582,-0.08259690621641486,-0.1454440718876348,0.15152828663500176,0.04422981746101353,0.005029963507924113,-0.005784451250175945,0.04610768173737863,0.05954555118566329,0.06143976832431634,0.12388204339133557,-0.03478559208471309,0.035796514819424974,-0.027179283375390134,-0.06987330397458343,0.09801905808430095,-0.06293042784214159,0.15240770051329905,0.011448130070596196,-0.0009436847659514969,-0.22701008095131792,-0.19826635458032218,0.03883468667102566,-0.07233292470207889,0.09909953903531593,-0.05455520126477179,-0.0553730194093336,0.01838153257231065,-0.22006260571562003,-0.02433887534378333,0.039128729885434595,0.07082824658394152,0.10191486327144741,0.0534559890025151,-0.06963348996716902,-0.07159937861204758,0.03133028623704798,0.008817633526124816,0.061829693859856955,0.0317701361649544,-0.06687717258330104,-0.0010830116108664911,0.06664767450475786,-0.08448647168138232,0.04726611858763738,0.11381754236180756,-0.023999131103011634,-0.11504510421868631,-0.14003428883494085,0.020163456006006095,0.00714022226144892,0.026242756582226492,0.0017332230399185744,-0.31747491921955,0.09913808076109787,0.43690129889354323
26,0.10114376088378875,-0.1665253678931678,0.06129463870698557,-0.263741651603776,0.26404746635598836,0.10457120587921932,0.08503694320489892,-0.09800690937703392,-0.10014883866159804,-0.0686534487271862,-0.12420798378848999,0.024450025866929695,-0.08851331766633824,-0.1840442762965507,0.14972363396919092,0.2145184037858578,0.07054807043608445,-0.15964160738254615,-0.031809401929781496,-0.024999382910657827,0.07653344013900551,-0.015183537683578899,-0.14639018769348588,-0.07049316129134987,0.05873033411300506,-0.14437457066756365,0.15336917464749125,0.038795198953388496,-0.16109028534390893,0.051368352810722925,-0.04025435407212957,0.14137298260130587,-0.012722781439651859,0.023244913776467216,0.028437157713817496,-0.020252084127839756,0.02678639176218553,-0.012767218555505631,0.03478660113198474,-0.046055856818732366,-0.08320153203716607,-0.08988006775029844,0.15783729077160016,0.07558446253454955,0.004846866309267117,0.08435779558646957,0.10709517856312789,0.1745350476670529,0.08393547408600516,-0.04045030332685201,-0.4811460286394583,0.269823724364633,0.06802987712600732,-0.0066573584007526,-0.1702086334752077,0.022991698729830812,0.04886013186933636,-0.08169101686761926,-0.0412069018587459,-0.0330403334680196,0.06553502179267173,-0.033545212045327163,0.1423362687872011,0.026376076874306834
27,0.2908931548781391,-0.13391299263984846,-0.393328941736171,0.11648089972869302,0.29288263649407636,0.11529860876368783,-0.0033932556691943505,-0.062404642661434875,0.018565010676072517,0.06773508757925853,-0.03882534444693446,-0.016251367120154236,-0.05245050589112789,-0.05915371022994484,0.027513751119383215,0.05616304033723596,-0.003477615903953013,-0.10468325308956807,-0.011935851525900945,0.15499102720422914,-0.029288158968422906,0.061556256140765875,0.01603733995728368,-0.057883507586263566,-0.004109752722439658,-0.1635501808663445,0.01334454492573206,0.00756180487016736,0.13270434078352908,0.19081495612421712,-0.0038844280659668384,-0.025149291219511344,0.09739067687497244,-0.025951942915093784,0.03913534224401986,-0.04169861405998085,-0.39362926661273817,-0.05159476473926768,0.06722063285240984,0.160737448118381,0.15894157146459892,-0.04747487612021607,-0.23075421478116084,-0.08617824400156229,0.08118057827849044,0.0348592889944236,0.05267310555443787,-0.046861798839161035,-0.04702086994512876,-0.008761774310474077,0.0959869074198268,0.017366219730578142,0.0732437884057271,0.0012260328875304443,0.042673361427524356,-0.09054938310932714,-0.025120784098070274,-0.004811288963112129,0.021512736614870714,-0.01835573592110204,-0.07800921702365793,0.21562302099673397,-0.04822692756595574,-0.3136306680978025
28,-0.21232573400826274,0.16518772679674995,0.00827751446342398,0.2096136199873188,0.1217235817281791,-0.33998587569673666,0.012197257396620718,0.09755327273053804,0.009632927230173213,0.03403057099230567,-0.1475046724949876,-0.07774411557236392,0.04882692214813575,0.02549449344801208,-0.0020384004849411594,-0.029931890032399523,-0.06630058619961131,0.04820999969501136,-0.0680601820002097,-0.15917054415894583,0.04908246835379265,-0.004113345859048906,0.05426524826771842,-0.08518598243971279,0.10204007678999699,0.11435356211840877,-0.19378760679609025,0.04202299031784629,0.1703974918259019,-0.004559460208899635,-0.00017097893492745708,0.033371886656876085,0.23885379409517687,-0.037459624881387085,-0.01884162730321015,-0.07718257714075767,-0.11272865548954372,-0.06273516432981882,-0.043772403218195394,-0.0020841490768319787,0.022024166490797026,0.030453465321523765,0.05583218811215181,0.05546040821677303,0.028133672983779834,0.04475676299870307,0.017778482668810103,0.04063596721220812,0.09885399485932338,0.022725734265178793,-0.36034592836370805,0.0540521856873334,0.04961794627183611,0.08945732314913557,-0.12319955838138381,0.10774098213697003,0.035145827317093155,0.002340688412762754,0.2566252581782668,0.169677112535759,-0.4210303223223326,0.045158394453331405,-0.03564959386355754,-0.12569698705610877
29,0.16424984704928475,-0.09497128918286052,-0.06073213335624679,0.4775417993848243,-0.3576201463800312,0.28147774834581574,-0.09998949261175524,0.05988501598257161,0.17127508758872514,0.014003514302810029,-0.26062230409386783,0.02556124640152821,-0.02775479810184983,-0.0027938128002968354,-0.016533445859974197,-0.03840926095540561,-0.11108624728220637,-0.11361168187177911,-0.019921021328862212,-0.15641718360069665,0.042257889406532405,0.024647553833735125,0.12840024353359758,-0.11873594051451489,0.0008850050763268003,0.14606141745913745,0.0014885016413117014,0.04138813364213659,-0.01116052520755867,-0.12818436098574854,-0.010420591713452401,0.1925955579426295,-0.16386975999393344,0.03693360588735152,0.019736058165384873,-0.02372509164723923,-0.031648370305128265,-0.08903010592950854,-0.024360088927242257,0.05207844141978183,0.15891187110129298,-0.02878058456741016,-0.11006718325116882,-0.023419907887739178,0.058188236523256165,-0.04337233453451436,-0.11185761503923206,0.06587163791570727,0.09479335729280658,-0.0018692231459062347,-0.2506364372253944,0.10247444629638244,0.10435648094886824,-0.0024701462222992826,-0.0007909674182452475,0.08205313638943575,0.03774843081250958,-0.039705180299668616,-0.09747284260971253,-0.056427325229891356,0.15178400240203846,-0.07672454507746623,0.0037370279794638724,0.06480665043354886
30,0.0433149472880431,-0.09874267281972839,0.14909701664021852,-0.09474120257746964,-0.032920328028203695,0.10137884302223274,0.23191244806476563,-0.2680942949593948,-0.0781774239755184,-0.05583665015200553,0.2044451851105011,0.05613511647795226,0.000390640309820868,-0.07353555316377791,0.03193110718549692,0.19349757324145453,0.04405916031563524,-0.02462137917045506,-0.01754031584887228,-0.152927067897049,0.0045404430205569155,-0.014112323865066986,-0.08352250121246699,-0.03548437430629557,0.05878847308837046,0.13252951831356263,-0.156637248940953,0.0054322221380141075,0.16784208234212594,-0.05174972610666379,-0.008899311156655342,0.07021563371053904,-0.23969214549224305,0.020726762553043565,-0.24393266136896896,0.3142876326198631,0.12303840973329473,-0.11147684468208185,-0.08694589350763629,0.017269397691310667,0.2352156633767979,0.26655299138343025,-0.1887179028603394,-0.23724238185729596,-0.0674711398099167,-0.16889799500354863,-0.03136269094490991,0.07451554361675565,-0.033133763353345586,-0.03242177313033075,0.014119926829806229,0.026099371565558097,0.09517244887288989,0.0754137305855195,-0.034101428624137904,0.03794562389722326,0.01882636156362734,0.0444186527623795,0.07169728691981456,0.042198064233257275,-0.20958140938474124,0.07446608929291845,0.015950757303047805,-0.13090472086976546
31,-0.08852319747233606,0.12744326517025079,0.034969095912854624,-0.17670321597898683,0.279546888043884,-0.3469411926257019,-0.15360178532602867,0.2157138025507772,0.0898198372547249,-0.004992554248285715,0.07028243094216097,-0.0027583772519897097,0.0761744406226682,0.15065571360580093,-0.007073924396313047,-0.1338531749429824,-0.217976172108525,-0.02581615945940447,-0.06803381400721917,-0.15061933047829923,0.0550331499021551,-0.0048361866445828655,0.1248855572165964,0.04713027304377203,-0.09620011604652605,0.054585077203691615,0.06162807764124505,-0.005410555008749471,-0.019495049821796284,0.03410502460520587,-0.034595823686170424,0.1861984289580512,0.028918239920610406,0.00856279355306866,-0.05978923465695386,0.14020667317079988,-0.04194772706572525,-0.04232501250617014,0.029963997573372265,0.051614009624347965,0.10918073000419645,0.1348283528564054,-0.2384765600928461,-0.21596499495202193,-0.04444821106776793,-0.029461255752826432,-0.03908680582842647,0.020160129253987802,-0.0636405346786175,-0.036106033109209526,-0.055440591486760525,0.1788928124582132,0.19401245151222643,0.0022374341540686293,-0.0315439267834272,0.0036688224123892113,0.04648535848162434,-0.03744180236645234,-0.27521967477994325,-0.16834050868847067,0.32190059679193006,0.022614515257765172,0.05696473612423528,-0.041719212503580794
32,0.02604964649349735,-0.014584940251571211,-0.002292461202361134,-0.07497944785435422,-0.05749005603060801,0.03869769431981751,-0.054013049064754154,-0.038236428223944866,-0.018501953370956465,-0.008327330254947207,-0.22483355618637355,0.27520384363826117,0.03980651250623755,0.07809302924227768,-0.0027893143434084312,-0.033006571405283326,0.0561483962106451,0.036261273709272096,0.0035426557531924724,-0.19957304122769648,0.04688724620170611,-0.11572872831218534,0.039916135165369425,0.2412398525937722,-0.5135604513278572,0.19933626195358284,0.27324861479447143,-0.08840617462819772,0.1700300188184422,-0.062643612919823,0.0430604003025745,-0.17070812183430506,-0.030927106204202075,0.02079202422830395,0.0631817974865524,-0.047355713622603726,0.08375574835083843,0.03801797073508695,0.018228051540667062,-0.009181253087425956,-0.021761217822054674,-0.0728713975684726,0.032887691011589754,0.0037222025107071927,0.024478877040700175,-0.0015647501187585622,0.10099526601954886,0.1296628031493443,-0.009063340890353044,0.020672144558118805,-0.03819121727042046,-0.036327069683525226,-0.016578099873195404,0.13643887866741633,-0.10029617387873423,-0.10156146334930037,-0.13362091009512647,0.11508692548283081,0.02304815295738742,-0.009210095439318458,-0.07117028461245804,0.12230658229027051,0.19095381039304057,-0.3123951761708981
33,-0.19191539501550672,-0.02985972874949536,0.3169091990814344,0.11635928484279015,-0.13375067144047448,0.12126682085250534,0.06257391018911229,-0.27387062212080016,-0.11059661073208316,0.0851859424322117,0.1607420569205683,-0.062008743137484744,0.03892957096467309,0.027532450978296402,0.011655901151506304,0.13515589759126342,0.09682430884814153,0.16288308101995014,-0.06510219916862403,-0.08423225116467183,0.038914114954988505,-0.08188381492310555,-0.1460188536154042,0.08567464158942262,0.0008150617057516713,0.01344087050996301,-0.029911626105509348,-0.03212266744819514,0.06982954234449437,0.024291609303217665,0.0023487121624152785,-0.15661658070567946,0.3772978328484563,-0.03519751144137507,-0.030458046999823185,-0.18724195696353457,-0.2869691823652441,-0.12621263443230274,-0.11829926140803554,0.15717896551038238,0.04317883941972214,-0.05204933333363158,-0.06118426744633328,-0.019737854023453127,0.037705743036117845,0.09779883058234394,-0.05098120063726703,-0.1343977545503296,0.061467208962579116,0.08888842077401826,-0.05174171185077339,0.06419126992017035,-0.016253842356151647,0.07597605142487514,-0.09757582433311654,0.0982530811752173,0.04216752691639912,0.016103131359157738,-0.2113428041260669,-0.13838227712625584,0.2767841325204453,0.03390211250422507,0.04230826081691841,-0.06861915749299988
34,0.14412325664511358,-0.007957261537683183,-0.18040829145861784,-0.06760189012323856,0.0780500508985657,-0.10672022870829793,0.06532683942800653,-0.10349744428147431,0.021268974998510937,0.04268130492919009,0.0014174082668223509,0.15595578219724007,0.05912270769911673,0.09571075945690287,-0.010160438709280628,-0.024345482701462556,-0.032748818488591395,0.009818884640424463,0.02562016057430283,-0.1068029601748545,-0.0035828067058193414,0.027332372536640444,-0.029549950123223034,-0.10990535737792892,0.3285640095305995,0.12395383638652413,-0.3722775845059521,0.00971589921135832,0.3065679720472878,-0.21990751607147285,0.014963135847150894,-0.06790618609640013,-0.11199100454416505,0.024422118271182014,0.07340377858566041,0.11077427546020929,0.000577357091018027,0.025218293206032777,0.09496930115675968,-0.0029745867510530544,-0.18170737089319403,-0.16144006044303488,0.19677552911697266,0.1915138653663836,0.036195510987031526,-0.01550999958108186,-0.07283997398061876,-0.06982244026551293,-0.08731598981103997,0.005127145949898257,-0.06842997645000092,-0.0766169651472336,-0.06886917380830171,0.03553161653034136,-0.029721314592444384,-0.0850477125495751,0.019668627899018992,0.1862005161470564,-0.16807758354826782,-0.10161525266005479,0.25479252111060424,-0.040343813371048844,0.20268452369630552,-0.1823529004073589
35,0.027119143428179456,-0.01753192206034452,-0.12636899335996557,0.07065223674247084,0.15239307445876432,-0.04467016768562279,-0.017818688285118848,0.008890981076672369,0.05053875451843759,-0.0625143357535712,0.4454468360463804,-0.13245220915108508,-0.04510133195422045,-0.03516707363940653,-0.025611737439516113,-0.03739593277420287,0.190612442543815,-0.019175622297228828,0.027114555669064663,0.08360479445764266,-0.0229739145416721,-0.08564375284955547,0.009787017402480565,0.09478104620308168,-0.2329194601017454,0.049748094468371515,0.178909400568337,-0.045946856594695856,0.019416993285307688,-0.16973097812883314,-0.03328249544073042,0.19916538691329738,-0.06311442935551227,-0.007768993716372519,0.08814328457430891,0.08461352703752677,0.059515323389858654,-0.12236005667802614,0.005135793394954041,0.12726681024069098,0.07007193274293808,-0.2776802593161522,0.08971894378333752,0.13249208122327566,0.11610908546171202,-0.16988693636974955,-0.3256066874145758,-0.19225265013144732,-0.05106081884435909,0.0500699788248517,-0.2153695482987986,-0.10833977470002636,0.005518835410194628,0.21449467785132106,-0.07882146573171037,0.054247763295280776,0.1007494145008621,0.047876250685603326,0.006197491424996038,0.03106594455137575,-0.06003630522203658,0.0011269765491748462,-0.12823333814017382,0.06224186325189848
36,0.004122615367097512,-0.02065924198801565,0.04019860787669645,-0.18992502392614408,-0.045384521308465285,0.03989188201238567,0.011851885272436698,0.0028541621732143248,0.0773452586460122,-0.07515339092777405,-0.10788197614761758,-0.12354882581984304,0.0118949514883974,0.05865068750503196,-0.03651454722512614,-0.06807347929212818,0.09629602026489688,-0.20295357337412823,0.02123531829376786,0.2457103236212947,-0.02959768855704715,0.09120045738500634,-0.017921680723054556,0.0038632729507632278,0.05004475354360646,0.0014264037335539916,-0.10380386143510086,-0.021381546255009414,0.12000632615831391,-0.21473537952511165,-0.027187404578627755,0.1320643079557127,0.04779864141660105,-0.09150796017419298,0.02534389520590935,-0.4255571417411151,0.15718737549685663,0.28267313811978584,-0.05309910098502252,0.04074497613793754,0.19025754512910265,0.17719235920018037,-0.16924645731011964,-0.016035095889871412,0.03872126214825415,-0.041043923384826764,0.2357696778507677,-0.07357825091947981,-0.04920884057041125,-0.002599571378942643,-0.06455205878304085,-0.1235119893369436,0.0727372197891896,0.2910975462931206,-0.22988479801673123,-0.051768102990704036,0.07812875354162645,0.20521625285828052,-0.08204008451615105,-0.045570886923229026,0.01696991633534345,-0.004006325957401344,-0.09351234144832733,0.03294927763855937
37,0.03162220146440723,-0.005209098536014827,-0.0640914561373062,-0.042935014930708434,0.006477518110086558,-0.017106824710912034,-0.009043171273000477,0.08395438139598582,0.08700919404460859,0.0880308014901867,-0.017738361793168643,-0.20654117961233082,-0.006336889938263986,-0.20678588591769995,-0.17484853371340425,-0.048732730230913686,0.4451100332073459,0.13736181042107745,0.11533195375202952,-0.01823285553211259,0.009176117198757092,-0.3202373811720079,0.02842805517973814,-0.006830524760165484,-0.0004696019662720624,0.080826175056263,0.012362350484737404,0.0011250073383052006,0.1248445619558235,-0.26584606902755825,0.02125402224471082,0.07679977191971193,0.022360756508831195,0.005595014375524732,-0.02192445464905554,-0.12023325255352262,-0.030223412936431826,0.07804219846682821,0.12188589208396616,0.027284136348088003,-0.04705160940755204,0.16884155762266384,-0.023607136104719276,-0.1846479265733703,-0.07068587072291593,0.0708147645238274,0.01328320477312614,-0.06554115389449124,-0.06321217600537005,-0.0904574864907848,-0.08152017592528968,0.30224943592055475,-0.1228112197845533,-0.24345675697762775,0.312964184054454,-0.02032316029744763,0.002251844715104895,0.03515341823778356,0.039663764630568324,0.004547613519482111,0.01319152347279047,-0.021220424200166264,0.10430326751751529,-0.054244736259736685
38,0.006895157477135185,0.009190622632440552,0.07058260028233053,-0.017142743588060887,-0.0342888204779881,-0.2840207268535267,0.01919543459957696,-0.11151557216126518,0.36480215184069775,0.21920722520761468,-0.10917161743774655,0.1423097922557584,0.04635378515544559,-0.022648439808562952,-0.19971285832084815,-0.07571061668998379,0.46155286443015314,-0.23477431849513383,-0.2589655017539402,0.0019432746161016107,0.04278157368832434,-0.08294251546587572,-0.03961729767521534,-0.01792422042083295,0.1119711992133071,-0.0698645301658112,-0.04897146146516708,0.02750815270978866,-0.1054416507499805,0.24313247394577275,0.00968042286638367,-0.132100752535678,-0.06949871485635623,0.0016662930021428546,0.03432956656983083,0.03888389955072162,0.13388632675317286,-0.10443186384250366,-0.15365292985613901,0.05552556251269222,0.16524567968278447,-0.17977664354185657,-0.055500467293135694,0.039453591526082535,0.08135086889395968,-0.09098345225203049,-0.0005798599152621042,0.1440566633502871,0.06248411196994694,0.04308451714227418,0.06826808668691436,-0.01433991352881614,-0.01939990417251669,-0.007907030384413143,-0.036751950621390424,-0.015935107082401062,-0.010279886737118216,-0.06070207165170624,-0.02659195880130255,-0.004052264627851632,0.051930144999781935,0.019637489920635506,-0.030029847012836175,0.008317976761194296
39,-0.01864555720134631,-0.030107803466805513,0.11207583115866332,-0.03617820476968555,0.02638088366835499,-0.05138660198954938,0.019552727745827527,-0.007993029504646372,-0.031726294537685856,-0.11457615689217483,0.09964403515729604,0.17041502841651612,-0.009485210290891404,-0.01650699597119376,0.0823841413834416,0.041263662299827336,-0.1594708257968856,-0.014332777626261804,0.1149810052366991,-0.145120662160268,-0.0034571925032113246,0.008920770777631717,0.005059520157855126,-0.0428129873660415,0.10656109584637163,0.008316339200787476,-0.07921585900321834,0.009218080302304817,0.007798063815205938,0.0625606928194564,0.024331088925341908,0.246166325852,0.04824288859341175,-0.0713886174090317,0.12204059548546187,-0.43949818230980925,0.23699256479385364,-0.04786755458963354,0.0005548955980292231,0.2430370479798884,0.2710754552393608,-0.26188381278023665,0.10102107674831633,-0.1686050661250306,0.045543035919814734,-0.0413365752149214,-0.12654620711082254,-0.020031422783029523,-0.06739244109265036,-0.03080723720932213,0.13339923849592913,0.038040096477298516,-0.07704591364613278,-0.0853707674231195,0.162523280298435,-0.16358623050577079,-0.17818509009005096,-0.22833655876189785,0.07312891724457546,0.0608266044409185,-0.058889307223026974,-0.012420167937917906,0.22090122559048894,-0.06274890437708505
40,0.0491629177181878,0.026470747263477094,-0.22610478782736712,-0.09381569723064796,0.0016556602450985593,-0.05055694494889457,0.15139477438281582,-0.4125220181321302,0.14703001715657332,0.13805248485654362,-0.0067011154655680985,-0.20776864351935703,0.09002763261011369,0.2626771351155012,-0.03826018405480504,0.023293492883558517,-0.1991055138206806,0.17118954590821484,-0.06526714598877834,-0.056632116043321815,0.008158565763998704,0.15681981201246564,-0.06906368894817543,0.09545729957809145,-0.12071056844585412,-0.0159684404523949,0.06081814273913251,-0.017726017924732457,-0.015756454425760652,0.008876693763331167,-0.005528761311177492,-0.07050665719320179,-0.0018165124783755537,-0.03966549895196453,-0.008273869124665198,-0.08326327845332254,0.1991195638557504,0.1340187662173989,-0.06637027403615486,-0.08543399437458049,0.06114962121521808,0.04521026431338267,-0.1392611044692085,0.2109362055910154,0.0932423079612798,-0.11793453212075751,0.06274897865571177,-0.11177700815434319,0.0770088651096612,-0.004900780013936373,-0.22627682152810927,0.06704116847363863,0.002892986575918813,-0.09384211906200582,0.364893202504469,0.041120636713718794,0.055516677074973604,-0.20776395631685973,0.007843013042819987,0.012278636979156578,0.006960643052388846,-0.010417398171852943,0.020931692164465943,0.014993751490889828
41,0.07516044362369138,0.016753710069215604,-0.05751499650181671,-0.02572211769429261,-0.09007895792507153,0.00034412666429899097,0.0792443863622386,-0.23377455612626424,-0.0271942591652434,0.2505114085754965,-0.07610253227329197,-0.06291776421432413,0.10618872933419304,0.15435878203808379,-0.046353559172029046,0.006947233282972726,0.07104248299070243,-0.041274957551236696,-0.0982164635439905,-0.35052558678824763,0.03531956393979885,-0.014755166689484123,0.011600672496631353,-0.002402333549167404,-0.033366639490643335,-0.015800156705717522,0.07693994589371318,0.004430398855428563,-0.09715716647550086,0.1782735888229283,-0.03026240907309659,0.5000712274233554,-0.00402752033660983,0.0073368471285411505,-1.6255446340117385e-05,-0.07545113425000671,-0.10469450171036426,0.13856783005070536,0.1353709350921899,0.13875818582935878,-0.3042561256529769,0.12135555874903178,0.1366184662911344,-0.045706820647264154,-0.04195128585869484,-0.011662154494475253,-0.06396357672421549,-0.09549165774272983,-0.1381883827382246,0.012098494046086844,0.18292056283361843,-0.05516263814489206,-0.01413199880078958,-0.043662401659551014,-0.2290086083116652,-0.06587248326597393,0.10967883967642192,0.06963044792423238,0.07189677414759346,0.015947005657797865,-0.05461865825594801,0.025766690297262737,-0.1099651999590289,0.028117688842455496
42,0.000480056796873304,0.06333526810070227,-0.23042952586914836,-0.012204415232035885,0.09597057621605061,0.09574555065329822,0.00832095928890969,-0.08570224707340944,0.12564383991979783,-0.258966810412574,-0.061911078749029326,-0.20041734473240294,-0.005853604246561293,0.010947183407529764,-0.01382443418920704,0.03824291303183343,-0.050168168914001776,0.4308558583910498,-0.027921985025861892,-0.1672067976412418,-0.00832292579360801,-0.2080882468647711,0.0808019833051393,-0.08443667157570955,0.0659388329789636,0.019430629222066738,0.0014282087772577276,0.02795955199806592,-0.06196323796944793,0.09403748241859756,-0.03898824675132036,-0.13776475950012712,-0.03135228966285845,0.0032486941590998963,0.07478590211718317,-0.02330286552973209,0.11306024578170328,0.016109449151965494,-0.03939272075529798,0.006142846456032913,0.2301623194441134,-0.21545070734100674,0.1892511642194507,-0.23737028691198092,-0.04967976866162327,-0.07468110570368883,0.19654015161392063,0.15137795285969935,0.013479112149254388,0.021252747808306396,0.09341432563398627,0.00890471234907473,-0.009221448351080241,-0.06929967057623015,-0.23184906004815092,0.04153589250051293,0.23555852463296778,0.17788938541359742,-0.013002100305409235,-0.02847013582022888,0.06880983096018713,-0.0012476381582640639,-0.16752852224460932,0.045356668853388515
43,0.050429080598442005,-0.014994107833312495,-0.2741064174508407,0.0834994667886029,0.0903164860091236,0.0634954747903855,0.059554372005810575,0.15433189415783624,-0.469996329226423,0.10885022682668914,0.04253500157381823,-0.06830745039742377,0.05534854382043529,0.09818109158278616,-0.0594318102050798,-0.11583363889703832,0.18125267259426991,0.060675863293019244,0.08029919497519833,-0.15236101134836105,-0.007102270694997671,-0.009854677997067907,0.014621262581081096,-0.03196459247029154,0.07177413779632354,-0.024019645019149743,-0.051027055182449335,0.010387164610070027,-0.05737608785598272,0.1807708403100286,0.022184205732207113,-0.14292826279761722,-0.04707873666394527,-0.062216246705732496,0.032824579460866754,-0.1696127171058284,0.3937302332387196,-0.16270561369463826,0.01821251117061945,-0.0023901292745841796,-0.06681856295102354,0.1690561321805372,-0.2513391999642431,0.04724730444765546,0.052817445848848156,0.07135317342993258,-0.18797938513029208,0.06438649338514815,0.16417745287375846,0.06645345171113527,-0.005722976210080957,0.088502310109504,-0.05663634549230806,0.08904186080263157,-0.17381675718548306,0.07816118129117165,-0.12422929821119741,0.01700621443691247,-0.039192974601423625,-0.02752434692379311,0.07373768038327591,-0.0035427946063452675,-0.002025761293549505,0.006920198573602945
44,0.013720411958949191,0.00015436600562831332,0.02141321859033486,-0.011634604402237313,0.05193601498548411,-0.006837892945289891,0.0035462515834934864,-0.04427354780053108,0.045170783630035946,-0.13826700261785974,0.06197897970361556,0.4546604344639168,0.02469832998504422,0.02148000054441774,0.02195537330100233,-0.02063576027625958,-0.06560610312227222,-0.15669751603354776,-0.07717848878379262,-0.0699073203900939,0.0007845015929103848,0.1434367084725033,-0.02256889613760347,0.010200495215803282,-0.028629939774207018,0.00900156822653981,0.023323927966487794,-0.022335828730816003,-0.02947972245576693,0.028411598896844414,-0.04026215379422813,-0.24398666794231252,0.005803153006573872,-0.025826213753901515,0.004232652849007812,-0.17432704196602877,-0.017723478983317664,0.07189908983123591,0.21555122887077377,0.032387634280604996,0.005251077578284613,0.07750727908379315,-0.061850478791630116,-0.08296399272660199,-0.005573653317760052,-0.0644513383367397,-0.18993838701627008,-0.1263355387065377,-0.03597422381132768,-0.0448888890375793,-0.08862792329954619,0.2973638657701806,-0.27719212753452277,-0.12210209326551963,0.0661103481659501,0.13554501438310812,0.2802891449923393,0.27612080720313803,0.10294544649247,0.028261532791992616,-0.012528194395774905,-0.01780037298708547,-0.2987123284891769,0.08997648120370902
45,0.009061463472641546,0.02249733421146219,0.0034522383531649012,-0.0313267233051834,0.030154577377101636,0.13096589331745803,0.0010806627428382506,0.10595943773878765,-0.4239295997509106,-0.12446164664476939,-0.07970083556728766,0.2380142779884364,0.0435241765951017,0.26772181450134963,-0.03270952652309561,-0.14026163171184816,0.26308161349307224,0.014644651554895805,-0.2990376048143294,-0.024389930694933216,-0.0034297513855211597,-0.13152400986443538,0.02848272509488057,-0.02750940159015137,0.06982948027752348,0.030878964486217263,-0.028479781027923583,0.02393085854542518,-0.013428231727529105,-0.021864540270907094,-0.01332546751789928,0.043597734071838784,-0.022586832079751318,0.0069105562668096004,0.01751261358915801,0.04397785461881483,-0.11900016184043372,0.1870015128741974,-0.01590116268501066,-0.13095047277289185,0.1731428008919929,-0.09051650514330267,0.09885333635382987,-0.0728341009589511,0.008536041111215656,-0.022509003116258225,0.07409381278858908,-0.19678719251931004,-0.027685373422174503,0.0035085116150435844,-0.06995048345401246,-0.15651255116494592,0.21806549182152807,-0.010699031662936315,0.21210633254214498,0.0655590120762373,0.23101618621873074,-0.2779356683884122,-0.027759979335609926,-0.007886681556575376,-0.03717327389751689,0.02584413411829692,-0.017263341753438508,0.006324397439476798
46,0.03420141828672598,-0.007006472805175716,-0.12103360430348749,-0.03254404446434772,-0.012563891734282502,-0.03754296397388794,-0.033900610643066514,0.09612108780650991,0.13714209587968582,0.1285736853517335,-0.009084623074944544,0.1651119017280488,0.001428716113030297,-0.3520433603726175,-0.02878722057729788,0.1794975257391852,-0.071389259102671,0.04605469033752094,0.12201671779656617,-0.0868300453509679,0.016128769961676486,-0.06183157424262979,-0.02709677310150424,-0.005198900141817925,0.013188093206925891,0.014534757634964257,0.012475563529427504,0.0034726922745033084,-0.005154569337824433,0.01846224244037828,-0.05228485475404199,-0.24769382848016758,0.02381867115880068,-0.017619186667105213,-0.001526179803330828,-0.14959116917678073,0.13710081974837374,0.032962964970012124,0.009552215584835044,0.25688968000771234,-0.25325396717445414,0.19986288622598294,0.08852989670682052,-0.12259488446780231,-0.021733328026405853,-0.08099877936191183,-0.052042671484079095,-0.052213197388210474,-0.03509893504947495,0.05133047149469343,-0.046803689323279614,-0.2860506959038156,0.3356770122723287,0.1126330859288818,0.06646775864536611,0.13978795917864542,0.2738975189459333,-0.2724425968458892,-0.12368839582396875,0.0020203526630594437,-0.0220113167490473,0.027258676664404347,-0.01808900857803504,0.001544670001559334
47,0.01842195242998476,-0.005955528528184127,-0.03547230655732984,-0.04198716786547365,-0.08871823888418984,-0.11559686713969766,0.04735724272656288,0.08027338956017031,-0.2622319172476102,0.5894229653198615,-0.07420499418924506,0.07290577453691802,0.027917574175617403,-0.2305407679541387,0.11658035657599411,0.08173333180489542,-0.2201622935523334,0.1829265634777783,-0.3489858505305077,0.2706473759807159,-0.015230944671381088,-0.009753328894247282,0.007756557370617104,0.011597774356343113,-0.04339204176440366,-0.010325451070273772,0.04435665135238169,-0.017440036801815162,0.032949086125104776,-0.1503818122281152,0.002738856449202688,0.06407485519190431,-0.06412368100540676,-0.008194607689957542,0.05151735442262073,0.008713570122902525,0.096607701697476,-0.05909653153201953,0.004698513405496901,0.023173840258300882,0.1501374114377524,-0.12087930051373932,0.06874437677449122,-0.1709633853042927,0.030222078655468332,-0.086060948907105,0.06476705169051783,-0.07126243060256288,0.004172390985877045,0.013451501454551013,-0.01709180524827783,0.06469304618057797,-0.05111672640387724,-0.03898027691140887,-0.031140771414865084,0.015717393793262466,-0.0052702472960587665,0.17471980587511857,-0.0029244310342428914,0.01285176684040995,0.014041323905401908,-0.047464926715452826,-0.04546416155891435,0.040524345082880456
48,-0.0026082041997262354,-0.03569259601891875,0.08332747759318006,-0.06370890675836854,-0.019113963449315922,-0.0006650344831143,-0.028840875043952142,0.18754013245431803,-0.02623128334132515,-0.03441847372458608,-0.03099125658093086,0.17423846454287467,-0.1809249997413083,-0.21288272010246734,0.04091684627752077,0.057146827304479265,-0.01007582950823503,0.31483194895143957,0.015461894630221401,-0.19700880489749584,0.0014826316012754733,-0.1844251539679,0.03078772673229694,-0.07843964082182232,0.08725936371775765,0.0013147890246183371,-0.006234719114051659,0.018064694748149673,-0.06691371788968693,0.17996670737719986,0.015203476694577875,0.1271824971604079,-0.01991188198600055,0.005399030689813955,-0.011800938703137726,0.05536451333901339,-0.0809691261106645,0.2020188136707967,-0.1615598488800546,0.1101472658139894,-0.009186195555554437,0.0026612856498157422,-0.32046843611431874,0.42910540837829064,0.12669390888395687,-0.2781892651732721,0.15124870685050673,-0.11944133105515073,-0.11272861049244663,-0.026568017164777413,-0.04806542440197537,0.03000443301136535,-0.13038396750309952,0.11607427671698253,0.07753837730238762,-0.0974172228098195,-0.08154520566378845,0.08639468346088491,0.0014324229167208234,0.004766970800591228,0.02594427960698016,0.007844629764886868,-0.10094938656526943,0.010996552155228767
49,-0.008063641247887329,0.006235753346931739,-0.08909399076683094,0.04953906135251329,0.06479125845373343,0.06729170960821952,-0.0035492602447673794,-0.12740194585515546,0.256222218468627,-0.2505430382353513,0.039568808914317785,0.21108822520887838,-0.1126890737060701,-0.019325468946881582,0.02187823619920034,-0.0003621587173551731,-0.018449893076877825,0.2992367852194861,-0.5152594469335655,0.24350695101512448,-0.009041411559075292,-0.15686208221209896,0.030737447825488175,-0.00920304208540318,0.037799982378850606,-0.012635818565304345,-0.023710537239979814,7.612562059355378e-05,0.0070509403317532485,-0.010559515076304676,0.027196231763798644,0.17068916069213214,0.04223547601489913,-0.03015095965065665,-0.02413070548107138,-0.11179735633244607,0.07786925433015415,-0.054862520391969885,0.17864919174865893,-0.0994181250651322,-0.16514614658641305,0.23016007537302197,-0.06135850688391628,0.00011352437288016798,-0.042781163029736294,0.11519718909147603,-0.18147129347308577,0.005163364387255214,0.11058677107951194,0.030636258411407043,0.020288121508457296,-0.048424876152220436,0.011799339767281721,0.10091842635774925,-0.07239457088456619,0.03716226037223383,-0.23864034452420457,-0.06987589192085622,-0.021636385225334245,0.01845924064691902,-0.0050829595964945185,-0.007562690866920407,0.09739867708634226,-0.008061246413921114
50,-0.02984526313331155,-0.0018838321349921444,0.06210507894122919,0.09086712556015264,0.0390542220859963,0.02239049823671057,0.025431198667868204,0.0020343084115475793,-0.12262936674709046,-0.13975987931908224,0.012583181320419232,-0.007108311257421,-0.057789862392323754,0.13939370510281576,-0.008752120246127218,-0.037884281359278446,0.034853681735786415,0.01427016756214966,-0.18825305084195998,0.11191875212128004,-0.006063704474846637,0.05837938638500258,-0.022595404510909883,0.0351471373337824,-0.03958152545049562,-0.0010781638426026474,-0.00014205198170622046,0.013802030855827775,0.02516253394986731,-0.07340843666737283,-0.004327297553613135,0.011915472003013447,0.02851647075505248,-0.01340406332682273,-0.025188196677555466,-0.06815048993592096,0.12561637921828617,-0.2591305344546371,-0.1659353006045144,0.3857679261400313,-0.20477661787060783,0.041907418461698535,-0.014049590381451461,0.16033945233376504,0.014435274551532304,-0.017967580662333796,0.08419368334381608,0.2622983711685678,-0.15682939831485782,-0.06736869306542265,-0.06495306897312914,-0.04574484681905246,0.30823140968482104,-0.3645188488197169,0.1689608673173035,-0.2433820469337959,0.08083309511820132,0.2822983733004294,-0.0195165584047656,-0.027874453429103302,-0.04439515078182501,-0.00785682046240515,-0.10248110473243521,0.011918714896553259
51,-0.0002790674438451676,0.011252248961534629,-0.0008930776009687715,-0.028340200015719293,-0.0016302159465518648,-0.03884596410862709,0.023479613891375654,-0.03264596817875772,0.08457420937177057,0.06565675624426509,0.03795831494130186,0.14555178200694882,-0.04881966473352759,-0.13031535727619178,-0.03271477448551883,0.07908374177208069,0.010763655167204013,0.02229860277212401,0.15868675371446667,-0.12212304375014285,0.021485260211614624,-0.048228861976875564,-0.022011559339243203,0.02400303462913712,-0.016909009958229596,-0.012558770207366622,0.028737058005225607,0.0017878312415657975,0.0010257113216046436,0.03243830114158069,0.0039655405851633015,0.0611847498584668,0.015648404269008858,-0.036089133885287186,0.0024121665376242163,-0.0818327229800623,0.08122288973833902,-0.05773081552345585,0.05820464958761439,-0.35592333995621084,0.2380052780567593,-0.045207447933294606,-0.08353539157652193,0.21076366381063258,-0.0010261194478235133,0.2983285507813868,-0.05229808758409486,-0.30237811806963916,-0.026213898906918984,-0.009382988749401626,0.030653443326366606,-0.1258046219044035,0.41847725112710565,-0.400700207109553,-0.13790039417222877,0.07850637473757485,-0.07745460585380745,0.22899796613850365,-0.030718211893018467,-0.02918430196465782,-0.058309203464054014,0.0028471574965930023,-0.03102452307153536,0.0010287076225798768
52,0.017077031943033547,-0.0098646612860267,0.14434283655971059,-0.07124799687634757,-0.016041875802110823,0.008928883645647874,-0.01665707488083326,0.014225531074311827,-0.058771929921477395,0.07202891963710346,0.027430991881269684,-0.1433229447691819,0.016653342046007148,0.031205494807260238,-0.05245736789660761,0.04664917363267711,0.010164890393114842,0.030596369020104694,0.02045308871422767,-0.03364986958971461,-0.005288814288644653,-0.030494517191082062,-0.011910086277259254,-0.004991901464142315,0.03698239278651563,-0.017421390483469856,-0.03020803670053812,0.014567100585293355,-0.026067253224404063,0.14525998222760222,0.038892030827002,-0.0942101739866338,-0.0014883874855414064,0.0033008863937462884,0.007512455302450191,-0.12788971678098063,-0.18820602393590824,0.2200096098418736,0.36647085833557036,-0.11672798484600277,0.08598014200690073,0.0068269926597524415,0.10991500906172831,-0.059472061117179786,0.07975060651462493,-0.3598326727501895,-0.280082117139331,0.3297679389279182,0.14532075305553221,-0.05556803426123438,-0.13545459379311495,-0.17424102835141267,0.2139062866736217,-0.0075787400141658495,0.16993900073824267,-0.03261797004348818,-0.27493293952402886,0.2225443181925827,-0.13332332099637173,0.03574739177671166,-0.012137109502959747,0.0053520101084809455,-0.10365345678039468,0.008009732590180244
53,0.021916398758933253,-0.02576425831719482,0.12050852970107329,0.005116116575208439,-0.019526813144766494,-0.030352864570178165,-0.0009474048427505037,-0.02123919919759748,-0.018420771571431408,0.14022432100145923,0.012803044994525607,-0.05966020452773076,-0.08962726890478345,-0.028087342751730755,0.05959485878467958,0.0014794641858441246,-0.03341994090548768,0.09915170050868455,-0.01858361593187914,-0.008973021743881426,0.007535722209365728,-0.07407935658686207,0.03337093225463933,-0.013190681955156741,0.004146689849603674,0.014326334739868996,0.005011874794420335,-0.0049734187855569045,0.017556071950830233,-0.0908372954451695,-0.0662212417727428,-0.03797070846269887,-0.0017385359808761158,-0.02193044408819189,0.00017259726192279945,-0.10694099536580134,-0.026377355199042052,-0.09982357519827392,0.24143745310050085,-0.2536054430453419,0.13494710099679594,0.0023145588941728967,-0.17471761802072758,0.22489843524327288,0.0042095864325572,0.17187658118678634,-0.19879575140355513,0.35617006147998576,-0.22444247057965713,-0.03935226515470423,0.10075267810226163,-0.02253782588306294,-0.05797064586420329,0.1309374720486962,-0.025721985044129023,-0.3435611093185068,0.48174778809270014,-0.1912160482645685,0.04352502537968597,-0.006018361069926734,-0.020347708793337495,0.011604390513637652,0.0144855696827716,-0.004847811033361973
54,-0.010619690003149782,-0.006389231677255051,0.058764520975314996,0.02404355350352602,-0.012602698704154307,0.024397170130593858,-0.02827219497715181,0.0007197277844127638,0.035388171993588236,-0.005702809103730326,-0.03407459436116208,-0.015136889344196311,0.0003820024187647904,0.005065660565135455,-0.026778039614754688,-0.006684247990065412,0.03275468926541987,-0.010547224570729312,0.025526158224073024,-0.11131348388989078,0.0027823370768496197,0.032364722737971155,-0.015652904629658973,0.008719682863230669,0.019065495341218104,-0.016385065077725636,-0.02028247644701306,-0.005311333150145259,-0.03590547856561177,0.14981764288793017,0.003929301297272987,0.07342028027071977,0.003880706578133608,-0.0010134103045750936,-0.024359901068374157,-0.03242482921924361,0.09370715054851217,-0.5439423026069461,0.34645104485617184,-0.14399179493945144,-0.006666498403962648,0.04148211046315891,0.10831669135862156,-0.07274599742363222,0.029003444326480412,0.01208808885015835,0.4026960053797416,-0.1949134587631386,-0.116542882250177,-0.059081659557047576,-0.12442314664160227,-0.1233510422263352,-0.08568746332943097,0.2841651122420755,0.27836020707080866,-0.07234784719446713,-0.05657731886788976,0.08697195953514006,-0.12415273914085811,0.04664784525140011,0.03696696958307939,0.0330662729774158,-0.16865591638837324,0.011591844074998147
55,0.001226800337919262,0.009112832516847974,-0.04713585919830628,-0.0017158254311640747,0.01551273656326951,-0.006362324012129818,0.004004253733583274,-0.05759740931754725,0.025989273505833556,0.04208799776930796,-0.002961878853421419,0.0514601959305416,0.0022608690854814266,-0.08911858311325091,0.1356960903540547,-0.08096255608616276,0.002927944991149261,0.021406213286887122,0.03552536677737494,-0.06757514557909894,0.002459743520705023,-0.01430359537708657,0.028872163866642535,0.007286736886228084,0.003248898853977604,0.0017115320552057566,-0.00951998956069646,-0.003495957017929206,-0.03214980118167037,0.1210394620440307,-0.002287458025201177,0.031093253489132146,-0.009459681640856105,-0.001068360030090993,-0.013695255398465353,0.07925431064575898,0.02968108358122942,0.1514275784775566,-0.30339180898689805,0.013274600207841571,0.03630260835870641,0.03437907191159048,0.09558839247284268,-0.13277141275451382,-0.20142983908251655,0.3638218362648141,-0.19505438669028327,-0.08536469329299522,0.35667957638344017,-0.10787809920581709,-0.13644544931430908,-0.07293945712341901,-0.018406885659454475,0.20325666100447798,0.22678014270994606,-0.4729397390908491,0.039879807851719795,0.1801058971894871,-0.1112646216654258,0.055728980458667116,0.012053374994668251,0.02052676104435381,-0.17867563374174839,0.01430865730600503
56,-0.02678614223782591,0.014089104966836493,0.05373374258604027,0.0051155488666225135,0.006102548537696231,-0.03516946830140662,0.003759973736214787,-0.022332695222119576,0.0033324226054117917,-0.002715550656741235,0.004439930114571625,0.02850076137755178,-0.0834110707809179,0.027027552848207518,0.08290765993207008,-0.06455923480013938,0.020711202979850893,-0.029092561810329598,0.08542170421650994,0.04676715291332209,0.008742747538551393,-0.06701758478943981,0.0359063543374076,0.003835435305669016,-2.7912327185066962e-05,0.013525913970910922,0.004315200011558135,0.0037987315856257975,0.01605359557476299,-0.09171920369431297,-0.017738135377842038,-0.004176177560546737,0.011798192307972494,0.016349512960313804,-0.019808070947248763,-0.01107576717414354,-0.019887766252661088,-0.14966827275534003,0.22306442928821618,0.038427086266721235,-0.06336880365526283,0.014390853071018585,-0.05251006139454131,0.06047548498550033,-0.024800655447787257,-0.36236334472239307,0.14049228261285351,-0.2216637462147828,0.6402647997849018,-0.08253222079791425,0.12759880852886313,0.027138312395546198,0.07724433903284653,-0.13657671894048462,-0.16104255797608963,-0.28459022150639446,0.18991168770929626,-0.08321563524205709,0.1514928132596161,-0.1496157637614993,0.005526936028755043,-0.007525612319187645,0.09341978627641823,-0.010691651847632072
57,0.026250001608085802,-0.006757778647993774,0.014538713109470938,0.014284639550290829,0.004823268955641655,0.03748957594889747,-0.012018966581705261,0.18063953688693674,-0.01340313474230189,-0.1892694594559898,0.005525813218823242,-0.05665414422460698,0.42421361188469614,-0.345518126058649,-0.29024420825315733,0.027187401445684503,0.10837109501090028,0.20521170712853098,-0.20300054434823983,-0.1470753034946186,0.0033925802239395952,0.5450403704842126,-0.2108582635642715,0.033904945302709294,-0.10204028898980061,-0.06270206226163394,-0.018561653293073577,0.02560725677662501,0.04084202789711999,-0.042768257320780406,0.014348055355773714,0.06936969992621887,-0.015577077298270542,0.022611639098516087,0.011099932890003078,0.001124437330892309,-0.04970948066935145,0.012975081702181243,0.03293101298529527,-0.047463735840851395,0.04297698015177707,-0.044941913476258415,-0.0138790814792214,0.04951496758624836,-0.018283032116819246,-0.026546996679925355,-0.0073238937478992405,-0.015483970101948819,0.08077795313470856,-0.005335501835457737,0.049308850402133564,0.00955235221034062,0.0009903533181552654,-0.014069906957241515,-0.04131416475366213,-0.15054887046429877,0.04813870051417217,-0.032096298902422715,-0.006103008257231812,-0.0007139459535301096,0.015132360942358243,-0.014040696402472963,0.07109832761906051,-0.02496948442675917
58,0.013189658439640988,-0.013716412854354229,0.007753272734816332,-0.0026357614026495217,-0.005004366421573552,-0.0208978248116441,-0.00925291473482281,0.0671328606908195,0.01152703358148173,0.0147063175337359,0.014288677896450781,0.003234127417286743,-0.006257616804562129,0.03829430082265721,-0.153302763883111,0.1579083714587676,-0.04515090018333436,0.007910221902694914,-0.01644868184164469,0.0005092066684830587,-0.004055570885671961,-0.02582259868607137,-0.04172040838885288,-0.01014614449241072,0.01919241840002331,-0.0007689303714485951,-0.002013537505986443,6.721711941271025e-06,-0.012333492890406611,0.05068657378138012,0.00393182450298072,0.002200307113217212,-0.011802149902711834,-0.0062485288545602174,0.0010010168221838006,-0.005442286726992797,0.024565680608740578,0.012820133174600654,-0.033283104695182975,-0.027286892034891888,0.008379151872596996,0.015897629143977306,0.05357992481988302,-0.067686799537937,0.008683436795351926,0.08074524859889093,-0.04865747972498281,0.016571937097025105,-0.06026045894047688,0.0467029187608681,-0.09625973498770318,-0.08172674839098777,0.04129236905595632,0.12706181595651483,0.11478391556842062,-0.02897334615964617,-0.07845750966192509,0.04265784953531234,0.56446675497388,-0.7206632090832868,0.1091937897753352,0.0042237323601485716,-0.06592480303371476,0.017101778317459793
59,-0.009704937398003093,0.018313146223438305,0.011707316143787564,-0.013014061267776305,-0.011085707603454887,0.006851437009412065,0.03657342708359032,-0.19229334411610996,0.015577590602227905,-0.002310281090035664,-0.004023915259035431,-0.0479716265259577,0.09165731522825289,-0.2997748055249833,0.5690225750100348,-0.5770691874335524,0.1507418160857633,0.06477314405180021,-0.003846170471889329,-0.07758741625159793,-0.009744134656032369,0.1550632472850006,0.09274608230718412,0.026191454907240286,-0.008393359361156039,0.00037651990310488825,-0.03812478122123819,0.006846740233246246,0.00019193757333343942,0.024470146577472943,0.012781627723836064,-0.030916151807797207,0.009611621495370315,-0.004680362760261736,-0.009508564168917932,-0.015427710547130047,-0.0148467685957391,0.004239086546331504,0.053117174859571126,0.036097266022362635,0.021010091270128955,0.00119804339989589,0.00865031815632944,0.03699140678242785,-0.050867864991457235,-0.04111195657101725,0.01649720130574117,0.05977673194583431,-0.11368043202655301,-0.07073106938246544,-0.004407581295344645,-0.050832183118401764,0.09184852029716795,-0.0005645583321866321,0.02998289396461569,0.17417376571189253,-0.06470915581518039,-0.029178672845221465,0.11979514082968912,-0.19296297412410784,0.04226290870187868,0.004665018411063621,-0.005756086745636435,0.0013231076591853075
60,-0.002844869846335887,0.002112116086674845,0.002531204444851752,0.022071866291950522,-0.02096443858094025,0.022974772690041,-0.0012017489439512898,-0.06831201070737303,-0.04622411442432574,-0.14898443236834075,-0.0056620328792408425,-0.04562761540359012,0.7509085489736993,-0.12456905864591401,0.10087060701639315,0.0956302323338302,-0.15898304589393253,-0.20860327125354167,-0.01917800594660133,0.13407234542072943,-0.0044139871074329075,-0.44708229056280957,0.14892792255028584,-0.028992620431506633,0.05938743421577371,0.022573799716836644,0.04426563287817191,-0.005113968692314133,-0.03174592710518386,0.055308081764856465,-0.007123941981670476,-0.015670759058498844,0.0027160724658731594,-0.000565292795040917,-0.00704211201788707,-7.674929723550106e-05,0.02590757177848152,-0.03292356787253942,-0.00034007542811634317,-0.03138698752885982,-0.03684177552894119,0.007246693693502476,-0.07835499975895228,0.12004098628315633,0.08870443106960285,-0.022846657914041058,-0.005989025733315223,-0.03364714497549093,-0.02635420435937391,0.046128877827969914,-0.01042778785286233,-0.005056328328834736,-0.017059471217024613,-0.030837380787226087,0.03288594792230806,-0.08290508348300554,0.0009826875605598306,0.02961573369269619,0.014570171153859765,0.0026851102212600633,-0.005851926390183004,0.013441634744918579,-0.02143535346836349,-0.0053204182276084255
61,0.002778843850856429,0.003609736776230048,0.041710317983293756,-0.0031477445347009125,-0.010558996332252268,0.006431588478397142,-0.016501021259806417,-0.010014475775716961,0.037048749808109196,-0.045907068248756136,0.021161548083075736,0.0043810314233218295,-0.07998697754930012,-0.05212617204835129,0.10410906301270835,-0.10515376534238115,0.02598579913751447,0.032109880831768516,0.042401693264146535,-0.006811799900584368,0.0005592259598022654,0.06445724704456926,0.0020266831213980527,-0.007054697064847487,0.0116684528865552,-0.0024497273092279337,-0.021804271292022587,0.00864776207637083,-0.008087518934634635,0.021850032379742562,0.0019423220196411184,-0.001779866711072553,0.0071426245661552895,0.009024601427041923,-0.01805107738253739,0.030533050488219197,0.005016044966911323,0.021993829798855193,-0.09380608498784795,-0.20672761528742398,-0.14759249884533432,0.07759671413681363,-0.009206286313701614,-0.3008726897612627,0.6034662689931616,-0.034447937313145785,-0.008092692037884312,-0.053772284911288534,-0.05629698356788239,0.55193839665286,-0.09584029721764192,0.00966355332503143,-0.0034173825982123512,-0.1365667644211246,-0.02389136527818412,-0.2726829711480968,0.04038297422580496,0.011179523155455909,0.007393324292071089,0.027466554553052868,-0.005449562300768394,-0.011282975265016128,0.013602223413456377,0.00010190880866445956
62,0.005604267303170591,0.0018629433693009459,0.024502569273096762,-0.004746404533748081,0.0031185121661153935,-0.00439752998713335,-0.0059321097679333225,-0.006984045351177217,0.006805193476765349,-0.012879079974073133,-0.0023806251024631638,-0.0021456347997743964,0.01588667873066932,0.0017181444891468355,-0.01642585955878209,0.010379065022612023,-0.00932875512911887,0.0426954331927958,-0.010888062380524127,-0.011425875535331321,0.001190082220539462,-0.005276825942459245,-0.005554844562548636,0.0044235872509411495,-0.003082506090611864,-0.0035127026383411225,0.0020580675671862947,0.0009235107221842176,0.00564223819254378,-0.021208619749540192,-0.004080526163757203,-0.0013948562705596301,0.003870616269465499,-0.0003176412642679075,-0.005955436461143333,0.013944233620585118,0.009500753341152059,-0.006318400152512919,-0.11911035752532352,-0.06020992290877149,-0.09788614176880113,0.020900499096679237,0.04984591982053615,-0.10458078119973777,0.625362415812226,0.10266981825050439,-0.041232448060850926,0.0017675350893614078,0.05071492873060534,-0.7196542273207822,0.11229238335680725,0.00250577309581132,0.020670657834849775,0.05910194513730751,-0.044728093663076486,0.09670925705667682,0.04373570555334251,-0.0012204779889979298,0.009868296461344125,-0.01541664354563154,-0.0023490531348344078,0.0026574534551063317,0.002673543570495658,-0.004977539997217003
63,-0.1250000000000013,-0.12500000000001177,-0.12499999999998937,-0.125000000000002,-0.12499999999999596,-0.12499999999999668,-0.12499999999999759,-0.12500000000000072,-0.12499999999999772,-0.12499999999999772,-0.12500000000000272,-0.1249999999999955,-0.12500000000001638,-0.12499999999999678,-0.1250000000000012,-0.12500000000000083,-0.1249999999999985,-0.12499999999999904,-0.12500000000000389,-0.12499999999999503,-0.12500000000000197,-0.1249999999999975,-0.12500000000000122,-0.12499999999999667,-0.1250000000000074,-0.12500000000000147,-0.12499999999999417,-0.12500000000000144,-0.12499999999999956,-0.1250000000000002,-0.12500000000000078,-0.12499999999999697,-0.1250000000000001,-0.12500000000000033,-0.12499999999999697,-0.12500000000000097,-0.12500000000000158,-0.12500000000000025,-0.12499999999999713,-0.12500000000000233,-0.1250000000000041,-0.12499999999999993,-0.12499999999999646,-0.12500000000000605,-0.12499999999998994,-0.1250000000000002,-0.12500000000000022,-0.1249999999999989,-0.12500000000000144,-0.12500000000000708,-0.12499999999999897,-0.12499999999999754,-0.12500000000000214,-0.12500000000000167,-0.12500000000000017,-0.1249999999999995,-0.12499999999999992,-0.12499999999999964,-0.12500000000000067,-0.12499999999999684,-0.1250000000000004,-0.1250000000000013,-0.12499999999999967,-0.12500000000000006
